{"baseMVA":1.0,"gen":{"4":{"qg":0.0,"qmax":0.0,"pg":0.0,"qmin":0.0,"gen_id":4,"status":1,"pmax":0.1,"bus":725,"pmin":0.0},"1":{"qg":0.0,"qmax":0.0,"pg":0.0,"qmin":0.0,"gen_id":1,"status":1,"pmax":0.1,"bus":741,"pmin":0.0},"5":{"qg":0.0,"qmax":0.0,"pg":0.0,"qmin":0.0,"gen_id":5,"status":1,"pmax":0.1,"bus":724,"pmin":0.0},"2":{"qg":0.0,"qmax":0.0,"pg":0.0,"qmin":0.0,"gen_id":2,"status":1,"pmax":0.1,"bus":740,"pmin":0.0},"3":{"qg":0.0,"qmax":0.0,"pg":0.0,"qmin":0.0,"gen_id":3,"status":1,"pmax":0.1,"bus":735,"pmin":0.0}},"branch":{"24":{"f_bus":720,"switchable":0,"status":1,"rate_a":100.0,"x":0.0058670691287878805,"b":0.0,"branch_i":24,"r":0.01584517045454546,"t_bus":707},"4":{"f_bus":702,"switchable":0,"status":1,"rate_a":100.0,"x":0.0032259114583333337,"b":0.0,"branch_i":4,"r":0.005155164930555556,"t_bus":703},"1":{"f_bus":701,"switchable":0,"status":1,"rate_a":100.0,"x":0.0023461174242424246,"b":0.0,"branch_i":1,"r":0.003749210858585859,"t_bus":702},"12":{"f_bus":707,"switchable":0,"status":1,"rate_a":100.0,"x":0.004846709280303031,"b":0.0,"branch_i":12,"r":0.013089488636363639,"t_bus":724},"29":{"f_bus":734,"switchable":0,"status":1,"rate_a":100.0,"x":0.0035316708754208753,"b":0.0,"branch_i":29,"r":0.006805555555555557,"t_bus":737},"20":{"f_bus":711,"switchable":0,"status":1,"rate_a":100.0,"x":0.002207294297138047,"b":0.0,"branch_i":20,"r":0.004253472222222223,"t_bus":741},"32":{"f_bus":738,"switchable":0,"status":1,"rate_a":100.0,"x":0.002207294297138047,"b":0.0,"branch_i":32,"r":0.004253472222222223,"t_bus":711},"2":{"f_bus":702,"switchable":1,"status":1,"rate_a":100.0,"x":0.0025508996212121214,"b":0.0,"branch_i":2,"r":0.0068892045454545464,"t_bus":705},"6":{"f_bus":703,"switchable":0,"status":1,"rate_a":100.0,"x":0.003310941445707071,"b":0.0,"branch_i":6,"r":0.006380208333333333,"t_bus":730},"25":{"f_bus":720,"switchable":0,"status":1,"rate_a":100.0,"x":0.003310941445707071,"b":0.0,"branch_i":25,"r":0.006380208333333333,"t_bus":706},"23":{"f_bus":714,"switchable":0,"status":1,"rate_a":100.0,"x":0.003316169507575758,"b":0.0,"branch_i":23,"r":0.00895596590909091,"t_bus":718},"22":{"f_bus":713,"switchable":0,"status":1,"rate_a":100.0,"x":0.0028694825862794616,"b":0.0,"branch_i":22,"r":0.005529513888888889,"t_bus":704},"11":{"f_bus":706,"switchable":0,"status":1,"rate_a":100.0,"x":0.0017856297348484852,"b":0.0,"branch_i":11,"r":0.004822443181818183,"t_bus":725},"35":{"f_bus":799,"switchable":0,"status":1,"rate_a":100.0,"x":0.0030004225194654884,"b":0.0,"branch_i":35,"r":0.004449688946759261,"t_bus":701},"13":{"f_bus":707,"switchable":0,"status":1,"rate_a":100.0,"x":0.0007652698863636364,"b":0.0,"branch_i":13,"r":0.002066761363636364,"t_bus":722},"5":{"f_bus":703,"switchable":0,"status":1,"rate_a":100.0,"x":0.0015305397727272728,"b":0.0,"branch_i":5,"r":0.004133522727272728,"t_bus":727},"15":{"f_bus":708,"switchable":0,"status":1,"rate_a":100.0,"x":0.002040719696969697,"b":0.0,"branch_i":15,"r":0.005511363636363637,"t_bus":732},"27":{"f_bus":730,"switchable":0,"status":1,"rate_a":100.0,"x":0.0011036471485690235,"b":0.0,"branch_i":27,"r":0.0021267361111111114,"t_bus":709},"31":{"f_bus":737,"switchable":0,"status":1,"rate_a":100.0,"x":0.002207294297138047,"b":0.0,"branch_i":31,"r":0.004253472222222223,"t_bus":738},"33":{"f_bus":744,"switchable":0,"status":1,"rate_a":100.0,"x":0.0012754498106060607,"b":0.0,"branch_i":33,"r":0.0034446022727272732,"t_bus":728},"28":{"f_bus":733,"switchable":0,"status":1,"rate_a":100.0,"x":0.0030902120159932663,"b":0.0,"branch_i":28,"r":0.005954861111111112,"t_bus":734},"16":{"f_bus":709,"switchable":0,"status":1,"rate_a":100.0,"x":0.003310941445707071,"b":0.0,"branch_i":16,"r":0.006380208333333333,"t_bus":731},"14":{"f_bus":708,"switchable":1,"status":1,"rate_a":100.0,"x":0.0017658354377104377,"b":0.0,"branch_i":14,"r":0.0034027777777777784,"t_bus":733},"21":{"f_bus":711,"switchable":0,"status":1,"rate_a":100.0,"x":0.0012754498106060607,"b":0.0,"branch_i":21,"r":0.0034446022727272732,"t_bus":740},"7":{"f_bus":704,"switchable":0,"status":1,"rate_a":100.0,"x":0.0005101799242424243,"b":0.0,"branch_i":7,"r":0.0013778409090909093,"t_bus":714},"34":{"f_bus":744,"switchable":0,"status":1,"rate_a":100.0,"x":0.0017856297348484852,"b":0.0,"branch_i":34,"r":0.004822443181818183,"t_bus":729},"8":{"f_bus":704,"switchable":1,"status":1,"rate_a":100.0,"x":0.004414588594276094,"b":0.0,"branch_i":8,"r":0.008506944444444445,"t_bus":720},"26":{"f_bus":727,"switchable":0,"status":1,"rate_a":100.0,"x":0.0015451060079966332,"b":0.0,"branch_i":26,"r":0.002977430555555556,"t_bus":744},"17":{"f_bus":709,"switchable":0,"status":1,"rate_a":100.0,"x":0.0017658354377104377,"b":0.0,"branch_i":17,"r":0.0034027777777777784,"t_bus":708},"10":{"f_bus":705,"switchable":0,"status":1,"rate_a":100.0,"x":0.0015305397727272728,"b":0.0,"branch_i":10,"r":0.004133522727272728,"t_bus":712},"19":{"f_bus":710,"switchable":0,"status":1,"rate_a":100.0,"x":0.008162878787878788,"b":0.0,"branch_i":19,"r":0.02204545454545455,"t_bus":736},"9":{"f_bus":705,"switchable":0,"status":1,"rate_a":100.0,"x":0.002040719696969697,"b":0.0,"branch_i":9,"r":0.005511363636363637,"t_bus":742},"18":{"f_bus":710,"switchable":0,"status":1,"rate_a":100.0,"x":0.0012754498106060607,"b":0.0,"branch_i":18,"r":0.0034446022727272732,"t_bus":735},"30":{"f_bus":734,"switchable":1,"status":1,"rate_a":100.0,"x":0.003316169507575758,"b":0.0,"branch_i":30,"r":0.00895596590909091,"t_bus":710},"3":{"f_bus":702,"switchable":0,"status":1,"rate_a":100.0,"x":0.0019865648674242424,"b":0.0,"branch_i":3,"r":0.0038281250000000004,"t_bus":713}},"bus":{"711":{"qd":0.0,"type":1,"bus_i":711,"pd":0.0},"724":{"qd":0.021,"type":1,"bus_i":724,"pd":0.042},"731":{"qd":0.04,"type":1,"bus_i":731,"pd":0.085},"730":{"qd":0.04,"type":1,"bus_i":730,"pd":0.085},"734":{"qd":0.021,"type":1,"bus_i":734,"pd":0.042},"701":{"qd":0.315,"type":1,"bus_i":701,"pd":0.63},"725":{"qd":0.021,"type":1,"bus_i":725,"pd":0.042},"729":{"qd":0.021,"type":1,"bus_i":729,"pd":0.042},"728":{"qd":0.063,"type":1,"bus_i":728,"pd":0.126},"702":{"qd":0.0,"type":1,"bus_i":702,"pd":0.0},"727":{"qd":0.021,"type":1,"bus_i":727,"pd":0.042},"737":{"qd":0.07,"type":1,"bus_i":737,"pd":0.14},"705":{"qd":0.0,"type":1,"bus_i":705,"pd":0.0},"708":{"qd":0.0,"type":1,"bus_i":708,"pd":0.0},"733":{"qd":0.04,"type":1,"bus_i":733,"pd":0.085},"738":{"qd":0.062,"type":1,"bus_i":738,"pd":0.126},"722":{"qd":0.08,"type":1,"bus_i":722,"pd":0.161},"740":{"qd":0.04,"type":1,"bus_i":740,"pd":0.085},"741":{"qd":0.021,"type":1,"bus_i":741,"pd":0.042},"720":{"qd":0.04,"type":1,"bus_i":720,"pd":0.085},"744":{"qd":0.021,"type":1,"bus_i":744,"pd":0.042},"707":{"qd":0.0,"type":1,"bus_i":707,"pd":0.0},"742":{"qd":0.044,"type":1,"bus_i":742,"pd":0.093},"799":{"qd":0.0,"type":3,"bus_i":799,"pd":0.0},"706":{"qd":0.0,"type":1,"bus_i":706,"pd":0.0},"735":{"qd":0.04,"type":1,"bus_i":735,"pd":0.085},"703":{"qd":0.0,"type":1,"bus_i":703,"pd":0.0},"713":{"qd":0.04,"type":1,"bus_i":713,"pd":0.085},"709":{"qd":0.0,"type":1,"bus_i":709,"pd":0.0},"732":{"qd":0.021,"type":1,"bus_i":732,"pd":0.042},"714":{"qd":0.018,"type":1,"bus_i":714,"pd":0.038},"736":{"qd":0.021,"type":1,"bus_i":736,"pd":0.042},"710":{"qd":0.0,"type":1,"bus_i":710,"pd":0.0},"704":{"qd":0.0,"type":1,"bus_i":704,"pd":0.0},"712":{"qd":0.04,"type":1,"bus_i":712,"pd":0.085},"718":{"qd":0.04,"type":1,"bus_i":718,"pd":0.085}}}